,precision,recall,f1-score,support
Insufficient_Weight,0.6956521739130435,0.9056603773584906,0.7868852459016393,53.0
Normal_Weight,0.627906976744186,0.47368421052631576,0.54,57.0
Obesity_Type_I,0.7763157894736842,0.8428571428571429,0.8082191780821918,70.0
Obesity_Type_II,0.9642857142857143,0.9,0.9310344827586207,60.0
Obesity_Type_III,1.0,0.9692307692307692,0.984375,65.0
Overweight_Level_I,0.5490196078431373,0.509090909090909,0.5283018867924528,55.0
Overweight_Level_II,0.5833333333333334,0.603448275862069,0.5932203389830508,58.0
accuracy,0.7511961722488039,0.7511961722488039,0.7511961722488039,0.7511961722488039
macro avg,0.7423590850847284,0.7434245264179565,0.7388623046454222,418.0
weighted avg,0.7509304372651113,0.7511961722488039,0.7472968610015774,418.0
